base_dir,test_method,simulation_name,dataset,experiment_name,file_method
./data/detection_results/decomposed/breast/,celina,breast_decompose_exp_0,breast,decompose_0,celina
./data/detection_results/decomposed/breast/,celina,breast_decompose_exp_1,breast,decompose_1,celina
./data/detection_results/decomposed/breast/,celina,"breast_decompose_exp_1,2",breast,"decompose_1,2",celina
./data/detection_results/decomposed/breast/,celina,"breast_decompose_exp_1,2,3",breast,"decompose_1,2,3",celina
./data/detection_results/decomposed/breast/,celina,"breast_decompose_exp_1,2,3,4,5",breast,"decompose_1,2,3,4,5",celina
./data/detection_results/decomposed/breast/,celina,"breast_decompose_exp_1,2,4",breast,"decompose_1,2,4",celina
./data/detection_results/decomposed/breast/,celina,"breast_decompose_exp_1,2,5",breast,"decompose_1,2,5",celina
./data/detection_results/decomposed/breast/,celina,breast_decompose_exp_2,breast,decompose_2,celina
./data/detection_results/decomposed/breast/,celina,"breast_decompose_exp_2,4",breast,"decompose_2,4",celina
./data/detection_results/decomposed/breast/,celina,breast_decompose_exp_3,breast,decompose_3,celina
./data/detection_results/decomposed/breast/,celina,breast_decompose_exp_,breast,Idealized,celina
./data/detection_results/decomposed/breast/,cside,breast_decompose_exp_0,breast,decompose_0,cside
./data/detection_results/decomposed/breast/,cside,breast_decompose_exp_1,breast,decompose_1,cside
./data/detection_results/decomposed/breast/,cside,"breast_decompose_exp_1,2",breast,"decompose_1,2",cside
./data/detection_results/decomposed/breast/,cside,"breast_decompose_exp_1,2,3",breast,"decompose_1,2,3",cside
./data/detection_results/decomposed/breast/,cside,"breast_decompose_exp_1,2,3,4,5",breast,"decompose_1,2,3,4,5",cside
./data/detection_results/decomposed/breast/,cside,"breast_decompose_exp_1,2,4",breast,"decompose_1,2,4",cside
./data/detection_results/decomposed/breast/,cside,"breast_decompose_exp_1,2,5",breast,"decompose_1,2,5",cside
./data/detection_results/decomposed/breast/,cside,breast_decompose_exp_2,breast,decompose_2,cside
./data/detection_results/decomposed/breast/,cside,"breast_decompose_exp_2,4",breast,"decompose_2,4",cside
./data/detection_results/decomposed/breast/,cside,breast_decompose_exp_3,breast,decompose_3,cside
./data/detection_results/decomposed/breast/,cside,breast_decompose_exp_,breast,Idealized,cside
./data/detection_results/decomposed/breast/,ctsv,breast_decompose_exp_0,breast,decompose_0,ctsv
./data/detection_results/decomposed/breast/,ctsv,breast_decompose_exp_1,breast,decompose_1,ctsv
./data/detection_results/decomposed/breast/,ctsv,"breast_decompose_exp_1,2",breast,"decompose_1,2",ctsv
./data/detection_results/decomposed/breast/,ctsv,"breast_decompose_exp_1,2,3",breast,"decompose_1,2,3",ctsv
./data/detection_results/decomposed/breast/,ctsv,"breast_decompose_exp_1,2,3,4,5",breast,"decompose_1,2,3,4,5",ctsv
./data/detection_results/decomposed/breast/,ctsv,"breast_decompose_exp_1,2,4",breast,"decompose_1,2,4",ctsv
./data/detection_results/decomposed/breast/,ctsv,"breast_decompose_exp_1,2,5",breast,"decompose_1,2,5",ctsv
./data/detection_results/decomposed/breast/,ctsv,breast_decompose_exp_2,breast,decompose_2,ctsv
./data/detection_results/decomposed/breast/,ctsv,"breast_decompose_exp_2,4",breast,"decompose_2,4",ctsv
./data/detection_results/decomposed/breast/,ctsv,breast_decompose_exp_3,breast,decompose_3,ctsv
./data/detection_results/decomposed/breast/,ctsv,breast_decompose_exp_,breast,Idealized,ctsv
./data/detection_results/decomposed/breast/,spvc-noalt,breast_decompose_exp_0,breast,decompose_0,spvc
./data/detection_results/decomposed/breast/,spvc-noalt,breast_decompose_exp_1,breast,decompose_1,spvc
./data/detection_results/decomposed/breast/,spvc-noalt,"breast_decompose_exp_1,2",breast,"decompose_1,2",spvc
./data/detection_results/decomposed/breast/,spvc-noalt,"breast_decompose_exp_1,2,3",breast,"decompose_1,2,3",spvc
./data/detection_results/decomposed/breast/,spvc-noalt,"breast_decompose_exp_1,2,3,4,5",breast,"decompose_1,2,3,4,5",spvc
./data/detection_results/decomposed/breast/,spvc-noalt,"breast_decompose_exp_1,2,4",breast,"decompose_1,2,4",spvc
./data/detection_results/decomposed/breast/,spvc-noalt,"breast_decompose_exp_1,2,5",breast,"decompose_1,2,5",spvc
./data/detection_results/decomposed/breast/,spvc-noalt,breast_decompose_exp_2,breast,decompose_2,spvc
./data/detection_results/decomposed/breast/,spvc-noalt,"breast_decompose_exp_2,4",breast,"decompose_2,4",spvc
./data/detection_results/decomposed/breast/,spvc-noalt,breast_decompose_exp_3,breast,decompose_3,spvc
./data/detection_results/decomposed/breast/,spvc-noalt,breast_decompose_exp_,breast,Idealized,spvc
./data/detection_results/decomposed/breast/,stance,breast_decompose_exp_0,breast,decompose_0,stance
./data/detection_results/decomposed/breast/,stance,breast_decompose_exp_1,breast,decompose_1,stance
./data/detection_results/decomposed/breast/,stance,"breast_decompose_exp_1,2",breast,"decompose_1,2",stance
./data/detection_results/decomposed/breast/,stance,"breast_decompose_exp_1,2,3",breast,"decompose_1,2,3",stance
./data/detection_results/decomposed/breast/,stance,"breast_decompose_exp_1,2,3,4,5",breast,"decompose_1,2,3,4,5",stance
./data/detection_results/decomposed/breast/,stance,"breast_decompose_exp_1,2,4",breast,"decompose_1,2,4",stance
./data/detection_results/decomposed/breast/,stance,"breast_decompose_exp_1,2,5",breast,"decompose_1,2,5",stance
./data/detection_results/decomposed/breast/,stance,breast_decompose_exp_2,breast,decompose_2,stance
./data/detection_results/decomposed/breast/,stance,"breast_decompose_exp_2,4",breast,"decompose_2,4",stance
./data/detection_results/decomposed/breast/,stance,breast_decompose_exp_3,breast,decompose_3,stance
./data/detection_results/decomposed/breast/,stance,breast_decompose_exp_,breast,Idealized,stance
./data/detection_results/decomposed/breast/,mmm,breast_decompose_exp_0,breast,decompose_0,mmm
./data/detection_results/decomposed/breast/,mmm,breast_decompose_exp_1,breast,decompose_1,mmm
./data/detection_results/decomposed/breast/,mmm,"breast_decompose_exp_1,2",breast,"decompose_1,2",mmm
./data/detection_results/decomposed/breast/,mmm,"breast_decompose_exp_1,2,3",breast,"decompose_1,2,3",mmm
./data/detection_results/decomposed/breast/,mmm,"breast_decompose_exp_1,2,3,4,5",breast,"decompose_1,2,3,4,5",mmm
./data/detection_results/decomposed/breast/,mmm,"breast_decompose_exp_1,2,4",breast,"decompose_1,2,4",mmm
./data/detection_results/decomposed/breast/,mmm,"breast_decompose_exp_1,2,5",breast,"decompose_1,2,5",mmm
./data/detection_results/decomposed/breast/,mmm,breast_decompose_exp_2,breast,decompose_2,mmm
./data/detection_results/decomposed/breast/,mmm,"breast_decompose_exp_2,4",breast,"decompose_2,4",mmm
./data/detection_results/decomposed/breast/,mmm,breast_decompose_exp_3,breast,decompose_3,mmm
./data/detection_results/decomposed/breast/,mmm,breast_decompose_exp_,breast,Idealized,mmm
./data/detection_results/decomposed/lymph/,celina,lymph_decompose_exp_0,lymph,decompose_0,celina
./data/detection_results/decomposed/lymph/,celina,lymph_decompose_exp_1,lymph,decompose_1,celina
./data/detection_results/decomposed/lymph/,celina,"lymph_decompose_exp_1,2",lymph,"decompose_1,2",celina
./data/detection_results/decomposed/lymph/,celina,"lymph_decompose_exp_1,2,3",lymph,"decompose_1,2,3",celina
./data/detection_results/decomposed/lymph/,celina,"lymph_decompose_exp_1,2,3,4,5",lymph,"decompose_1,2,3,4,5",celina
./data/detection_results/decomposed/lymph/,celina,"lymph_decompose_exp_1,2,4",lymph,"decompose_1,2,4",celina
./data/detection_results/decomposed/lymph/,celina,"lymph_decompose_exp_1,2,5",lymph,"decompose_1,2,5",celina
./data/detection_results/decomposed/lymph/,celina,lymph_decompose_exp_2,lymph,decompose_2,celina
./data/detection_results/decomposed/lymph/,celina,"lymph_decompose_exp_2,4",lymph,"decompose_2,4",celina
./data/detection_results/decomposed/lymph/,celina,lymph_decompose_exp_3,lymph,decompose_3,celina
./data/detection_results/decomposed/lymph/,celina,lymph_decompose_exp_,lymph,Idealized,celina
./data/detection_results/decomposed/lymph/,cside,lymph_decompose_exp_0,lymph,decompose_0,cside
./data/detection_results/decomposed/lymph/,cside,lymph_decompose_exp_1,lymph,decompose_1,cside
./data/detection_results/decomposed/lymph/,cside,"lymph_decompose_exp_1,2",lymph,"decompose_1,2",cside
./data/detection_results/decomposed/lymph/,cside,"lymph_decompose_exp_1,2,3",lymph,"decompose_1,2,3",cside
./data/detection_results/decomposed/lymph/,cside,"lymph_decompose_exp_1,2,3,4,5",lymph,"decompose_1,2,3,4,5",cside
./data/detection_results/decomposed/lymph/,cside,"lymph_decompose_exp_1,2,4",lymph,"decompose_1,2,4",cside
./data/detection_results/decomposed/lymph/,cside,"lymph_decompose_exp_1,2,5",lymph,"decompose_1,2,5",cside
./data/detection_results/decomposed/lymph/,cside,lymph_decompose_exp_2,lymph,decompose_2,cside
./data/detection_results/decomposed/lymph/,cside,"lymph_decompose_exp_2,4",lymph,"decompose_2,4",cside
./data/detection_results/decomposed/lymph/,cside,lymph_decompose_exp_3,lymph,decompose_3,cside
./data/detection_results/decomposed/lymph/,cside,lymph_decompose_exp_,lymph,Idealized,cside
./data/detection_results/decomposed/lymph/,ctsv,lymph_decompose_exp_0,lymph,decompose_0,ctsv
./data/detection_results/decomposed/lymph/,ctsv,lymph_decompose_exp_1,lymph,decompose_1,ctsv
./data/detection_results/decomposed/lymph/,ctsv,"lymph_decompose_exp_1,2",lymph,"decompose_1,2",ctsv
./data/detection_results/decomposed/lymph/,ctsv,"lymph_decompose_exp_1,2,3",lymph,"decompose_1,2,3",ctsv
./data/detection_results/decomposed/lymph/,ctsv,"lymph_decompose_exp_1,2,3,4,5",lymph,"decompose_1,2,3,4,5",ctsv
./data/detection_results/decomposed/lymph/,ctsv,"lymph_decompose_exp_1,2,4",lymph,"decompose_1,2,4",ctsv
./data/detection_results/decomposed/lymph/,ctsv,"lymph_decompose_exp_1,2,5",lymph,"decompose_1,2,5",ctsv
./data/detection_results/decomposed/lymph/,ctsv,lymph_decompose_exp_2,lymph,decompose_2,ctsv
./data/detection_results/decomposed/lymph/,ctsv,"lymph_decompose_exp_2,4",lymph,"decompose_2,4",ctsv
./data/detection_results/decomposed/lymph/,ctsv,lymph_decompose_exp_3,lymph,decompose_3,ctsv
./data/detection_results/decomposed/lymph/,ctsv,lymph_decompose_exp_,lymph,Idealized,ctsv
./data/detection_results/decomposed/lymph/,spvc-noalt,lymph_decompose_exp_0,lymph,decompose_0,spvc
./data/detection_results/decomposed/lymph/,spvc-noalt,lymph_decompose_exp_1,lymph,decompose_1,spvc
./data/detection_results/decomposed/lymph/,spvc-noalt,"lymph_decompose_exp_1,2",lymph,"decompose_1,2",spvc
./data/detection_results/decomposed/lymph/,spvc-noalt,"lymph_decompose_exp_1,2,3",lymph,"decompose_1,2,3",spvc
./data/detection_results/decomposed/lymph/,spvc-noalt,"lymph_decompose_exp_1,2,3,4,5",lymph,"decompose_1,2,3,4,5",spvc
./data/detection_results/decomposed/lymph/,spvc-noalt,"lymph_decompose_exp_1,2,4",lymph,"decompose_1,2,4",spvc
./data/detection_results/decomposed/lymph/,spvc-noalt,"lymph_decompose_exp_1,2,5",lymph,"decompose_1,2,5",spvc
./data/detection_results/decomposed/lymph/,spvc-noalt,lymph_decompose_exp_2,lymph,decompose_2,spvc
./data/detection_results/decomposed/lymph/,spvc-noalt,"lymph_decompose_exp_2,4",lymph,"decompose_2,4",spvc
./data/detection_results/decomposed/lymph/,spvc-noalt,lymph_decompose_exp_3,lymph,decompose_3,spvc
./data/detection_results/decomposed/lymph/,spvc-noalt,lymph_decompose_exp_,lymph,Idealized,spvc
./data/detection_results/decomposed/lymph/,stance,lymph_decompose_exp_0,lymph,decompose_0,stance
./data/detection_results/decomposed/lymph/,stance,lymph_decompose_exp_1,lymph,decompose_1,stance
./data/detection_results/decomposed/lymph/,stance,"lymph_decompose_exp_1,2",lymph,"decompose_1,2",stance
./data/detection_results/decomposed/lymph/,stance,"lymph_decompose_exp_1,2,3",lymph,"decompose_1,2,3",stance
./data/detection_results/decomposed/lymph/,stance,"lymph_decompose_exp_1,2,3,4,5",lymph,"decompose_1,2,3,4,5",stance
./data/detection_results/decomposed/lymph/,stance,"lymph_decompose_exp_1,2,4",lymph,"decompose_1,2,4",stance
./data/detection_results/decomposed/lymph/,stance,"lymph_decompose_exp_1,2,5",lymph,"decompose_1,2,5",stance
./data/detection_results/decomposed/lymph/,stance,lymph_decompose_exp_2,lymph,decompose_2,stance
./data/detection_results/decomposed/lymph/,stance,"lymph_decompose_exp_2,4",lymph,"decompose_2,4",stance
./data/detection_results/decomposed/lymph/,stance,lymph_decompose_exp_3,lymph,decompose_3,stance
./data/detection_results/decomposed/lymph/,stance,lymph_decompose_exp_,lymph,Idealized,stance
./data/detection_results/decomposed/lymph/,mmm,lymph_decompose_exp_0,lymph,decompose_0,mmm
./data/detection_results/decomposed/lymph/,mmm,lymph_decompose_exp_1,lymph,decompose_1,mmm
./data/detection_results/decomposed/lymph/,mmm,"lymph_decompose_exp_1,2",lymph,"decompose_1,2",mmm
./data/detection_results/decomposed/lymph/,mmm,"lymph_decompose_exp_1,2,3",lymph,"decompose_1,2,3",mmm
./data/detection_results/decomposed/lymph/,mmm,"lymph_decompose_exp_1,2,3,4,5",lymph,"decompose_1,2,3,4,5",mmm
./data/detection_results/decomposed/lymph/,mmm,"lymph_decompose_exp_1,2,4",lymph,"decompose_1,2,4",mmm
./data/detection_results/decomposed/lymph/,mmm,"lymph_decompose_exp_1,2,5",lymph,"decompose_1,2,5",mmm
./data/detection_results/decomposed/lymph/,mmm,lymph_decompose_exp_2,lymph,decompose_2,mmm
./data/detection_results/decomposed/lymph/,mmm,"lymph_decompose_exp_2,4",lymph,"decompose_2,4",mmm
./data/detection_results/decomposed/lymph/,mmm,lymph_decompose_exp_3,lymph,decompose_3,mmm
./data/detection_results/decomposed/lymph/,mmm,lymph_decompose_exp_,lymph,Idealized,mmm
./data/detection_results/decomposed/ovarian/,celina,ovarian_decompose_exp_0,ovarian,decompose_0,celina
./data/detection_results/decomposed/ovarian/,celina,ovarian_decompose_exp_1,ovarian,decompose_1,celina
./data/detection_results/decomposed/ovarian/,celina,"ovarian_decompose_exp_1,2",ovarian,"decompose_1,2",celina
./data/detection_results/decomposed/ovarian/,celina,"ovarian_decompose_exp_1,2,3",ovarian,"decompose_1,2,3",celina
./data/detection_results/decomposed/ovarian/,celina,"ovarian_decompose_exp_1,2,3,4,5",ovarian,"decompose_1,2,3,4,5",celina
./data/detection_results/decomposed/ovarian/,celina,"ovarian_decompose_exp_1,2,4",ovarian,"decompose_1,2,4",celina
./data/detection_results/decomposed/ovarian/,celina,"ovarian_decompose_exp_1,2,5",ovarian,"decompose_1,2,5",celina
./data/detection_results/decomposed/ovarian/,celina,ovarian_decompose_exp_2,ovarian,decompose_2,celina
./data/detection_results/decomposed/ovarian/,celina,"ovarian_decompose_exp_2,4",ovarian,"decompose_2,4",celina
./data/detection_results/decomposed/ovarian/,celina,ovarian_decompose_exp_3,ovarian,decompose_3,celina
./data/detection_results/decomposed/ovarian/,celina,ovarian_decompose_exp_,ovarian,Idealized,celina
./data/detection_results/decomposed/ovarian/,cside,ovarian_decompose_exp_0,ovarian,decompose_0,cside
./data/detection_results/decomposed/ovarian/,cside,ovarian_decompose_exp_1,ovarian,decompose_1,cside
./data/detection_results/decomposed/ovarian/,cside,"ovarian_decompose_exp_1,2",ovarian,"decompose_1,2",cside
./data/detection_results/decomposed/ovarian/,cside,"ovarian_decompose_exp_1,2,3",ovarian,"decompose_1,2,3",cside
./data/detection_results/decomposed/ovarian/,cside,"ovarian_decompose_exp_1,2,3,4,5",ovarian,"decompose_1,2,3,4,5",cside
./data/detection_results/decomposed/ovarian/,cside,"ovarian_decompose_exp_1,2,4",ovarian,"decompose_1,2,4",cside
./data/detection_results/decomposed/ovarian/,cside,"ovarian_decompose_exp_1,2,5",ovarian,"decompose_1,2,5",cside
./data/detection_results/decomposed/ovarian/,cside,ovarian_decompose_exp_2,ovarian,decompose_2,cside
./data/detection_results/decomposed/ovarian/,cside,"ovarian_decompose_exp_2,4",ovarian,"decompose_2,4",cside
./data/detection_results/decomposed/ovarian/,cside,ovarian_decompose_exp_3,ovarian,decompose_3,cside
./data/detection_results/decomposed/ovarian/,cside,ovarian_decompose_exp_,ovarian,Idealized,cside
./data/detection_results/decomposed/ovarian/,ctsv,ovarian_decompose_exp_0,ovarian,decompose_0,ctsv
./data/detection_results/decomposed/ovarian/,ctsv,ovarian_decompose_exp_1,ovarian,decompose_1,ctsv
./data/detection_results/decomposed/ovarian/,ctsv,"ovarian_decompose_exp_1,2",ovarian,"decompose_1,2",ctsv
./data/detection_results/decomposed/ovarian/,ctsv,"ovarian_decompose_exp_1,2,3",ovarian,"decompose_1,2,3",ctsv
./data/detection_results/decomposed/ovarian/,ctsv,"ovarian_decompose_exp_1,2,3,4,5",ovarian,"decompose_1,2,3,4,5",ctsv
./data/detection_results/decomposed/ovarian/,ctsv,"ovarian_decompose_exp_1,2,4",ovarian,"decompose_1,2,4",ctsv
./data/detection_results/decomposed/ovarian/,ctsv,"ovarian_decompose_exp_1,2,5",ovarian,"decompose_1,2,5",ctsv
./data/detection_results/decomposed/ovarian/,ctsv,ovarian_decompose_exp_2,ovarian,decompose_2,ctsv
./data/detection_results/decomposed/ovarian/,ctsv,"ovarian_decompose_exp_2,4",ovarian,"decompose_2,4",ctsv
./data/detection_results/decomposed/ovarian/,ctsv,ovarian_decompose_exp_3,ovarian,decompose_3,ctsv
./data/detection_results/decomposed/ovarian/,ctsv,ovarian_decompose_exp_,ovarian,Idealized,ctsv
./data/detection_results/decomposed/ovarian/,spvc-noalt,ovarian_decompose_exp_0,ovarian,decompose_0,spvc
./data/detection_results/decomposed/ovarian/,spvc-noalt,ovarian_decompose_exp_1,ovarian,decompose_1,spvc
./data/detection_results/decomposed/ovarian/,spvc-noalt,"ovarian_decompose_exp_1,2",ovarian,"decompose_1,2",spvc
./data/detection_results/decomposed/ovarian/,spvc-noalt,"ovarian_decompose_exp_1,2,3",ovarian,"decompose_1,2,3",spvc
./data/detection_results/decomposed/ovarian/,spvc-noalt,"ovarian_decompose_exp_1,2,3,4,5",ovarian,"decompose_1,2,3,4,5",spvc
./data/detection_results/decomposed/ovarian/,spvc-noalt,"ovarian_decompose_exp_1,2,4",ovarian,"decompose_1,2,4",spvc
./data/detection_results/decomposed/ovarian/,spvc-noalt,"ovarian_decompose_exp_1,2,5",ovarian,"decompose_1,2,5",spvc
./data/detection_results/decomposed/ovarian/,spvc-noalt,ovarian_decompose_exp_2,ovarian,decompose_2,spvc
./data/detection_results/decomposed/ovarian/,spvc-noalt,"ovarian_decompose_exp_2,4",ovarian,"decompose_2,4",spvc
./data/detection_results/decomposed/ovarian/,spvc-noalt,ovarian_decompose_exp_3,ovarian,decompose_3,spvc
./data/detection_results/decomposed/ovarian/,spvc-noalt,ovarian_decompose_exp_,ovarian,Idealized,spvc
./data/detection_results/decomposed/ovarian/,stance,ovarian_decompose_exp_0,ovarian,decompose_0,stance
./data/detection_results/decomposed/ovarian/,stance,ovarian_decompose_exp_1,ovarian,decompose_1,stance
./data/detection_results/decomposed/ovarian/,stance,"ovarian_decompose_exp_1,2",ovarian,"decompose_1,2",stance
./data/detection_results/decomposed/ovarian/,stance,"ovarian_decompose_exp_1,2,3",ovarian,"decompose_1,2,3",stance
./data/detection_results/decomposed/ovarian/,stance,"ovarian_decompose_exp_1,2,3,4,5",ovarian,"decompose_1,2,3,4,5",stance
./data/detection_results/decomposed/ovarian/,stance,"ovarian_decompose_exp_1,2,4",ovarian,"decompose_1,2,4",stance
./data/detection_results/decomposed/ovarian/,stance,"ovarian_decompose_exp_1,2,5",ovarian,"decompose_1,2,5",stance
./data/detection_results/decomposed/ovarian/,stance,ovarian_decompose_exp_2,ovarian,decompose_2,stance
./data/detection_results/decomposed/ovarian/,stance,"ovarian_decompose_exp_2,4",ovarian,"decompose_2,4",stance
./data/detection_results/decomposed/ovarian/,stance,ovarian_decompose_exp_3,ovarian,decompose_3,stance
./data/detection_results/decomposed/ovarian/,stance,ovarian_decompose_exp_,ovarian,Idealized,stance
./data/detection_results/decomposed/ovarian/,mmm,ovarian_decompose_exp_0,ovarian,decompose_0,mmm
./data/detection_results/decomposed/ovarian/,mmm,ovarian_decompose_exp_1,ovarian,decompose_1,mmm
./data/detection_results/decomposed/ovarian/,mmm,"ovarian_decompose_exp_1,2",ovarian,"decompose_1,2",mmm
./data/detection_results/decomposed/ovarian/,mmm,"ovarian_decompose_exp_1,2,3",ovarian,"decompose_1,2,3",mmm
./data/detection_results/decomposed/ovarian/,mmm,"ovarian_decompose_exp_1,2,3,4,5",ovarian,"decompose_1,2,3,4,5",mmm
./data/detection_results/decomposed/ovarian/,mmm,"ovarian_decompose_exp_1,2,4",ovarian,"decompose_1,2,4",mmm
./data/detection_results/decomposed/ovarian/,mmm,"ovarian_decompose_exp_1,2,5",ovarian,"decompose_1,2,5",mmm
./data/detection_results/decomposed/ovarian/,mmm,ovarian_decompose_exp_2,ovarian,decompose_2,mmm
./data/detection_results/decomposed/ovarian/,mmm,"ovarian_decompose_exp_2,4",ovarian,"decompose_2,4",mmm
./data/detection_results/decomposed/ovarian/,mmm,ovarian_decompose_exp_3,ovarian,decompose_3,mmm
./data/detection_results/decomposed/ovarian/,mmm,ovarian_decompose_exp_,ovarian,Idealized,mmm
./data/detection_results/realistic/breast/,celina,breast_rotate_0,breast,Realistic,celina
./data/detection_results/realistic/breast/,cside,breast_rotate_0,breast,Realistic,cside
./data/detection_results/realistic/breast/,ctsv,breast_rotate_0,breast,Realistic,ctsv
./data/detection_results/realistic/breast/,spvc-noalt,breast_rotate_0,breast,Realistic,spvc
./data/detection_results/realistic/breast/,stance,breast_rotate_0,breast,Realistic,stance
./data/detection_results/realistic/breast/,mmm,breast_rotate_0,breast,Realistic,mmm
./data/detection_results/realistic/lymph/,celina,lymph_rotate_0,lymph,Realistic,celina
./data/detection_results/realistic/lymph/,cside,lymph_rotate_0,lymph,Realistic,cside
./data/detection_results/realistic/lymph/,ctsv,lymph_rotate_0,lymph,Realistic,ctsv
./data/detection_results/realistic/lymph/,spvc-noalt,lymph_rotate_0,lymph,Realistic,spvc
./data/detection_results/realistic/lymph/,stance,lymph_rotate_0,lymph,Realistic,stance
./data/detection_results/realistic/lymph/,mmm,lymph_rotate_0,lymph,Realistic,mmm
./data/detection_results/realistic/ovarian/,celina,ovarian_rotate_0,ovarian,Realistic,celina
./data/detection_results/realistic/ovarian/,cside,ovarian_rotate_0,ovarian,Realistic,cside
./data/detection_results/realistic/ovarian/,ctsv,ovarian_rotate_0,ovarian,Realistic,ctsv
./data/detection_results/realistic/ovarian/,spvc-noalt,ovarian_rotate_0,ovarian,Realistic,spvc
./data/detection_results/realistic/ovarian/,stance,ovarian_rotate_0,ovarian,Realistic,stance
./data/detection_results/realistic/ovarian/,mmm,ovarian_rotate_0,ovarian,Realistic,mmm